<?xml version="1.0" encoding="UTF-8"?>
<beans xmlns="http://www.springframework.org/schema/beans"
       xmlns:context="http://www.springframework.org/schema/context"
       xmlns:xsi="http://www.w3.org/2001/XMLSchema-instance"
       xsi:schemaLocation="
 http://www.springframework.org/schema/beans
 http://www.springframework.org/schema/beans/spring-beans.xsd
 http://www.springframework.org/schema/context
 http://www.springframework.org/schema/context/spring-context.xsd">

    <bean id="countryBean" class="com.adp.spring.model.Country">
        <property name="countryList">
            <list>
                <value>India</value>
                <value>USA</value>
                <value>UK</value>
                <value>India</value>
            </list>
        </property>

        <property name="countrySet">
            <set>
                <value>India</value>
                <value>USA</value>
                <value>UK</value>
                <value>India</value>
            </set>
        </property>

        <property name="countryMap">
            <map>
                <entry key="India" value="New Delhi"/>
                <entry key="USA" value="Washington DC"/>
                <entry key="UK" value="London"/>
            </map>

        </property>


    </bean>


</beans>