<?xml version="1.0" encoding="UTF-8"?>
<beans xmlns="http://www.springframework.org/schema/beans"
	xmlns:context="http://www.springframework.org/schema/context"
	xmlns:xsi="http://www.w3.org/2001/XMLSchema-instance"
	xsi:schemaLocation="
 http://www.springframework.org/schema/beans
 http://www.springframework.org/schema/beans/spring-beans.xsd
 http://www.springframework.org/schema/context
 http://www.springframework.org/schema/context/spring-context.xsd">


	<!-- constructor injection -->
	<bean id="residentialAddress"  class="com.adp.spring.model.Address" >
		<constructor-arg name="doorNumber" value="1011"/>
		<constructor-arg name="streetName" value="Kings Street"/>
		<constructor-arg name="city" value="Hyderabad"/>
		<constructor-arg name="state" value="Telangana"/>
		<constructor-arg name="country" value="India"/>
		<constructor-arg name="pincode" value="500049"/>
	</bean>
	

	<bean id="permanentAddress" class="com.adp.spring.model.Address">
		<property name="doorNumber" value="2018"/>
		<property name="streetName" value="Queens Street"/>
		<property name="city" value="Pune"/>
		<property name="state" value="Maharastra"/>
		<property name="country" value="India"/>
		<property name="pincode" value="400012"/>
	</bean>

		
	<!-- If bean ID name is same as property name, auto wiring which is called byName -->
	<!-- If bean type matches with property datatype, it is injection byType
		 In this case, there should be only one bean whose type matches with
		 property datatype.

	-->
	<bean id="personBean" class="com.adp.spring.model.Person" autowire="byName">
		<property name="adharCardNumber" value="678634523452"/>
		<property name="name" value="Ravi Kumar"/>
		<property name="customDate" value="1998-10-15"/>		
		<property name="mobile" value="8798765460"/>
	</bean>
	

	
	

	<!--
	<bean id="personBean" class="com.adp.spring.model.Person" autowire="byType">
		<property name="adharCardNumber" value="678634523452"/>
		<property name="name" value="Ravi Kumar"/>
		<property name="customDate" value="1998-10-15"/>		
		<property name="mobile" value="8798765460"/>
	</bean>
	
	-->

</beans>