<?xml version="1.0" encoding="UTF-8"?>
<beans xmlns="http://www.springframework.org/schema/beans"
	xmlns:context="http://www.springframework.org/schema/context"
	xmlns:xsi="http://www.w3.org/2001/XMLSchema-instance"
	xsi:schemaLocation="
 http://www.springframework.org/schema/beans
 http://www.springframework.org/schema/beans/spring-beans.xsd
 http://www.springframework.org/schema/context
 http://www.springframework.org/schema/context/spring-context.xsd">

	<context:annotation-config/>
	
	<bean id="employeeBean" class="com.adp.spring.model.Employee"
						init-method="customInitialize" destroy-method="customDestroy">
		<property name="empno" value="1001"/>
		<property name="ename" value="Smith"/>
		<property name="hiredate" value="2015-06-10"/>
		<property name="job" value="Manager"/>
		<property name="sal" value="456787.0"/>
		<property name="deptno" value="10"/>
		
	</bean>
	

</beans>