<?xml version="1.0" encoding="UTF-8"?>
<beans xmlns="http://www.springframework.org/schema/beans"
	xmlns:context="http://www.springframework.org/schema/context"
	xmlns:xsi="http://www.w3.org/2001/XMLSchema-instance"
	xsi:schemaLocation="
 http://www.springframework.org/schema/beans
 http://www.springframework.org/schema/beans/spring-beans.xsd
 http://www.springframework.org/schema/context
 http://www.springframework.org/schema/context/spring-context.xsd">


	<import resource="spring-resource.xml"/>


	<!-- constructor injection -->
	<!-- Bean scopes:  prototype(default), singleton, request, session, global-session  -->
	<bean id="addressBean1"  class="com.adp.spring.model.Address" scope="prototype">
		<constructor-arg name="doorNumber" value="1011"/>
		<constructor-arg name="streetName" value="Kings Street"/>
		<constructor-arg name="city" value="Hyderabad"/>
		<constructor-arg name="state" value="Telangana"/>
		<constructor-arg name="country" value="India"/>
		<constructor-arg name="pincode" value="500049"/>
	</bean>

	<bean id="addressBean4" class="com.adp.spring.model.Address">
		<constructor-arg  index="0" value="1002"/>
		<constructor-arg index="1" value="JP Nagar Street"/>
		<constructor-arg  index="2" value="Benguluru"/>
		<constructor-arg index="3" value="Karnataka"/>
		<constructor-arg index="4" value="INDIA"/>
		<constructor-arg index="5" value="675009"/>
	</bean>

	<!--setter injection , Initially Address object is instantiated through  default connstructor and
	then using setter methods, data memebers as assigned values-->
	<bean id="addressBean5" class="com.adp.spring.model.Address">
		<property name="doorNumber" value="1004"/>
		<property name="streetName" value="Queens Street"/>
		<property name="city" value="Pune"/>
		<property name="state" value="Maharastra"/>
		<property name="country" value="India"/>
		<property name="pincode" value="400012"/>
	</bean>


	<bean id="addressBean3"  class="com.adp.spring.model.Address" >
		<constructor-arg name="doorNumber" value="${DOOR-NUMBER}"/>
		<constructor-arg name="streetName" value="${STREET-NAME}"/>
		<constructor-arg name="city" value="${CITY}"/>
		<constructor-arg name="state" value="${STATE}"/>
		<constructor-arg name="country" value="${COUNTRY}"/>
		<constructor-arg name="pincode" value="${PIN}"/>
	</bean>


	<bean id="personBean" class="com.adp.spring.model.Person">
		<property name="adharCardNumber" value="678634523452"/>
		<property name="name" value="Ravi Kumar"/>
		<property name="customDate"  value="1998-10-15"/>
		<property name="residentialAddress" ref="addressBean1"/>
		<property name="permanentAddress" ref="addressBean3" />
		<property name="mobile" value="8798765460"/>
	</bean>
	
	<!--
	<bean id="addressBean2" class="com.adp.spring.model.Address">
		<property name="doorNumber" value="2018"/>
		<property name="streetName" value="Queens Street"/>
		<property name="city" value="Pune"/>
		<property name="state" value="Maharastra"/>
		<property name="country" value="India"/>
		<property name="pincode" value="400012"/>
	</bean>
	
	
	<bean id="addressBean3"  class="com.adp.spring.model.Address" >
		<constructor-arg name="doorNumber" value="${DOORNUMBER}"/>
		<constructor-arg name="streetName" value="${STREETNAME}"/>
		<constructor-arg name="city" value="${CITY}"/>
		<constructor-arg name="state" value="${STATE}"/>
		<constructor-arg name="country" value="${COUNTRY}"/>
		<constructor-arg name="pincode" value="${PIN}"/>
	</bean>
	
	
	<bean id="personBean" class="com.adp.spring.model.Person">
		<property name="adharCardNumber" value="678634523452"/>
		<property name="name" value="Ravi Kumar"/>
		<property name="customDate" value="1998-10-15"/>
		<property name="residentialAddress" ref="addressBean2" />
		<property name="permanentAddress" ref="addressBean3"/>	
		<property name="mobile" value="8798765460"/>
	</bean>

	-->
	

</beans>