<?xml version="1.0" encoding="UTF-8"?>
<beans xmlns="http://www.springframework.org/schema/beans"
	xmlns:context="http://www.springframework.org/schema/context"
	xmlns:xsi="http://www.w3.org/2001/XMLSchema-instance"
	xsi:schemaLocation="
 http://www.springframework.org/schema/beans
 http://www.springframework.org/schema/beans/spring-beans.xsd
 http://www.springframework.org/schema/context
 http://www.springframework.org/schema/context/spring-context.xsd">

	<context:annotation-config/>

	 <!-- constructor injection -->
	<bean id="personBean1" class="com.adp.spring.bean.Address">
		<constructor-arg name="doorNumber" value="1"/>
		<constructor-arg name="streetName" value="Kings Street"/>
		<constructor-arg name="city" value="Hyderabad"/>
		<constructor-arg name="state" value="Telangana"/>
		<constructor-arg name="country" value="India"/>
		<constructor-arg name="pincode" value="500049"/>
	</bean>

	
	<bean id="personBean2" class="com.adp.spring.bean.Address">
		<constructor-arg index="0" value="2"/>
		<constructor-arg index="1" value="Quuens Street"/>
		<constructor-arg index="2" value="Secunderabad"/>
		<constructor-arg index="3" value="Telangana"/>
		<constructor-arg index="4" value="India"/>
		<constructor-arg index="5" value="500049"/>
	</bean>
	
	
	
	<!-- 
		bean property, autowire, can be set to byName or byType
		
		byName: if bean ID is same as property name, then the bean is implicitly injected
		byType: if bean type is same the property type, the the bean in implicitly injected
		
	-->
	<!--
	<bean id="personBean" class="com.adp.spring.bean.Person"  autowire="byName">
		<property name="adharCard" value="123456789123"/>
		<property name="name" value="Smith"/>
		
	</bean>
	-->
	
	<!-- 
		When autowire is byType, there should be only one bean of the specified type.
		In thisi example there are 2 beans of type, Address. Spring IoC is unbale to decide
		which bean to inject due to this amiguity.Hence error.
	-->
	<!--
	<bean id="personBean" class="com.adp.spring.bean.Person"  autowire="byType">
		<property name="adharCard" value="123456789123"/>
		<property name="name" value="Smith"/>
		
	</bean>
	
	-->
	
	<bean id="personBean" class="com.adp.spring.bean.Person">
		<property name="adharCard" value="123456789123"/>
		<property name="name" value="Smith"/>
		<property name="customDate" value="2015-06-10"/>
	</bean>
	

</beans>