<?xml version="1.0" encoding="UTF-8"?>
<beans xmlns="http://www.springframework.org/schema/beans"
	xmlns:context="http://www.springframework.org/schema/context"
	xmlns:xsi="http://www.w3.org/2001/XMLSchema-instance"
	xsi:schemaLocation="
 http://www.springframework.org/schema/beans
 http://www.springframework.org/schema/beans/spring-beans.xsd
 http://www.springframework.org/schema/context
 http://www.springframework.org/schema/context/spring-context.xsd">

	<bean class="org.springframework.beans.factory.config.PropertyPlaceholderConfigurer">
        <property name="locations" value="classpath:my-address.properties"/>
    </bean>

	 <!-- constructor injection -->
	<bean id="addressBean" class="com.adp.spring.bean.Address" scope="prototype">
		<constructor-arg name="doorNumber" value="1"/>
		<constructor-arg name="streetName" value="Kings Street"/>
		<constructor-arg name="city" value="Hyderabad"/>
		<constructor-arg name="state" value="Telangana"/>
		<constructor-arg name="country" value="India"/>
		<constructor-arg name="pincode" value="500049"/>
	</bean>

	<bean id="addressBean1" class="com.adp.spring.bean.Address">
		<constructor-arg index="0" value="2"/>
		<constructor-arg index="1" value="Quuens Street"/>
		<constructor-arg index="2" value="Secunderabad"/>
		<constructor-arg index="3" value="Telangana"/>
		<constructor-arg index="4" value="India"/>
		<constructor-arg index="5" value="500049"/>
	</bean>
	
	
	<!-- Setter injection -->
	<bean id= "addressBean2" class= "com.adp.spring.bean.Address">
		<property name="doorNumber" value="3"/>
		<property name="streetName" value="James Street"/>
		<property name="city" value ="Pune" />
		<property name="state" value="Maharastra" />
		<property name="country" value= "INDIA" />
		<property name="pincode" value="400002"/>
	</bean>
	
	<!-- Setter injection  spEL:  ${} -->
	<bean id= "addressBean3" class= "com.adp.spring.bean.Address">
		<property name="doorNumber" value="${DNO}"/>
		<property name="streetName" value="${STREET}"/>
		<property name="city" value ="${CITY}" />
		<property name="state" value="${STATE}" />
		<property name="country" value= "${COUNTRY}" />
		<property name="pincode" value="${PIN}"/>
	</bean>

	
	<bean id="personBean" class="com.adp.spring.bean.Person">
		<property name="adharCard" value="123456789123"/>
		<property name="name" value="Smith"/>
		<property name="permanentAddress" ref="addressBean" />
		<property name="temporaryAddress" ref="addressBean1" />
		
	</bean>

</beans>