<?xml version="1.0" encoding="UTF-8"?>
<beans xmlns="http://www.springframework.org/schema/beans"
	xmlns:xsi="http://www.w3.org/2001/XMLSchema-instance"
	xmlns:aop="http://www.springframework.org/schema/aop"
	xsi:schemaLocation="http://www.springframework.org/schema/beans
	http://www.springframework.org/schema/beans/spring-beans.xsd
	http://www.springframework.org/schema/aop
	http://www.springframework.org/schema/aop/spring-aop.xsd">

	<!-- Enable @AspectJ style of Spring AOP -->
	<aop:aspectj-autoproxy/>

	<bean class="com.adp.spring.aspect.CustomerAdvice" />

	<bean id="customerBean" class="com.adp.spring.bean.Customer">
		<property name="customerId" value="1" />
		<property name="customerName" value="Smith" />
		<property name="email" value="smith@gmail.com" />
	</bean>
	<bean id="customerServiceBean"
		class="com.adp.spring.service.CustomerServiceImpl" />

</beans>